LOCATION,DAY,TIME_FROM,TIME_TO
Christine Parisi,wednesday,07:00,19:00
Christine Parisi,thursday,07:00,19:00
Christine Parisi,monday,07:00,19:00
Christine Parisi,saturday,09:00,17:00
Christine Parisi,tuesday,07:00,19:00
Christine Parisi,friday,07:00,19:00
Christine Parisi,sunday,11:00,16:00
Devan Reed,tuesday,06:00,20:00
Devan Reed,sunday,08:00,18:00
Devan Reed,wednesday,06:00,20:00
Devan Reed,saturday,08:00,18:00
Devan Reed,friday,06:00,20:00
Devan Reed,thursday,06:00,20:00
Devan Reed,monday,06:00,20:00
Dobro Club,thursday,07:00,19:00
Dobro Club,saturday,09:00,17:00
Dobro Club,sunday,11:00,16:00
Dobro Club,tuesday,07:00,19:00
Dobro Club,wednesday,07:00,19:00
Dobro Club,friday,07:00,19:00
Dobro Club,monday,07:00,19:00
Dylan Feulner,monday,07:00,19:00
Dylan Feulner,wednesday,07:00,19:00
Dylan Feulner,sunday,11:00,16:00
Dylan Feulner,tuesday,07:00,19:00
Dylan Feulner,friday,07:00,19:00
Dylan Feulner,saturday,09:00,17:00
Dylan Feulner,thursday,07:00,19:00
Gold Coast Club,tuesday,07:00,19:00
Gold Coast Club,friday,07:00,19:00
Gold Coast Club,wednesday,07:00,19:00
Gold Coast Club,monday,07:00,19:00
Gold Coast Club,thursday,07:00,19:00
Gold Coast Club,saturday,09:00,17:00
Gold Coast Club,sunday,11:00,16:00
Harley Donegan,tuesday,07:00,19:00
Harley Donegan,thursday,07:00,19:00
Harley Donegan,friday,07:00,19:00
Harley Donegan,monday,07:00,19:00
Harley Donegan,wednesday,07:00,19:00
Isaac Martinez,tuesday,07:00,19:00
Isaac Martinez,saturday,09:00,17:00
Isaac Martinez,thursday,07:00,19:00
Isaac Martinez,wednesday,07:00,19:00
Isaac Martinez,sunday,11:00,16:00
Isaac Martinez,monday,07:00,19:00
Isaac Martinez,friday,07:00,19:00
Jill Brown,thursday,09:00,17:00
Jill Brown,wednesday,09:00,17:00
Jill Brown,monday,09:00,17:00
Jill Brown,friday,09:00,17:00
Jill Brown,tuesday,09:00,17:00
Lakeshore East Club,monday,07:00,19:00
Lakeshore East Club,wednesday,07:00,19:00
Lakeshore East Club,saturday,09:00,17:00
Lakeshore East Club,thursday,07:00,19:00
Lakeshore East Club,sunday,11:00,16:00
Lakeshore East Club,tuesday,07:00,19:00
Lakeshore East Club,friday,07:00,19:00
Lakeview Club,friday,07:00,19:00
Lakeview Club,saturday,09:00,17:00
Lakeview Club,tuesday,07:00,19:00
Lakeview Club,thursday,07:00,19:00
Lakeview Club,monday,07:00,19:00
Lakeview Club,sunday,11:00,16:00
Lakeview Club,wednesday,07:00,19:00
Luis Hernandez,saturday,09:00,17:00
Luis Hernandez,sunday,11:00,16:00
Luis Hernandez,thursday,07:00,19:00
Luis Hernandez,friday,07:00,19:00
Luis Hernandez,tuesday,07:00,19:00
Luis Hernandez,monday,07:00,19:00
Luis Hernandez,wednesday,07:00,19:00
Maddisen Daly,friday,05:00,22:00
Maddisen Daly,monday,05:00,22:00
Maddisen Daly,saturday,05:00,22:00
Maddisen Daly,thursday,05:00,22:00
Maddisen Daly,sunday,05:00,22:00
Maddisen Daly,tuesday,05:00,22:00
Maddisen Daly,wednesday,05:00,22:00
Marisa Cascio,thursday,07:00,19:00
Marisa Cascio,tuesday,07:00,19:00
Marisa Cascio,monday,07:00,19:00
Marisa Cascio,saturday,09:00,17:00
Marisa Cascio,sunday,11:00,16:00
Marisa Cascio,wednesday,07:00,19:00
Marisa Cascio,friday,07:00,19:00
Matthew Walsh,monday,07:00,19:00
Matthew Walsh,thursday,07:00,19:00
Matthew Walsh,sunday,11:00,16:00
Matthew Walsh,saturday,09:00,17:00
Matthew Walsh,friday,07:00,19:00
Matthew Walsh,wednesday,07:00,19:00
Matthew Walsh,tuesday,07:00,19:00
Maya McKnight,thursday,07:00,19:00
Maya McKnight,friday,07:00,19:00
Maya McKnight,tuesday,07:00,19:00
Maya McKnight,saturday,09:00,17:00
Maya McKnight,wednesday,07:00,19:00
Maya McKnight,monday,07:00,19:00
Maya McKnight,sunday,11:00,16:00
Mika Carpenter,friday,07:00,19:00
Mika Carpenter,thursday,07:00,19:00
Mika Carpenter,sunday,11:00,16:00
Mika Carpenter,monday,07:00,19:00
Mika Carpenter,saturday,09:00,17:00
Mika Carpenter,tuesday,07:00,19:00
Mika Carpenter,wednesday,07:00,19:00
PUPS Gold Coast,monday,07:00,19:00
PUPS Gold Coast,sunday,11:00,16:00
PUPS Gold Coast,friday,07:00,19:00
PUPS Gold Coast,saturday,09:00,17:00
PUPS Gold Coast,tuesday,07:00,19:00
PUPS Gold Coast,wednesday,07:00,19:00
PUPS Gold Coast,thursday,07:00,19:00
PUPS Lakeview Club,tuesday,07:00,19:00
PUPS Lakeview Club,sunday,11:00,16:00
PUPS Lakeview Club,monday,07:00,19:00
PUPS Lakeview Club,saturday,09:00,17:00
PUPS Lakeview Club,thursday,07:00,19:00
PUPS Lakeview Club,wednesday,07:00,19:00
PUPS Lakeview Club,friday,07:00,19:00
PUPS River North,sunday,11:00,16:00
PUPS River North,thursday,07:00,19:00
PUPS River North,saturday,09:00,17:00
PUPS River North,wednesday,07:00,19:00
PUPS River North,monday,07:00,19:00
PUPS River North,tuesday,07:00,19:00
PUPS River North,friday,07:00,19:00
PUPS South Loop,tuesday,07:00,19:00
PUPS South Loop,thursday,07:00,19:00
PUPS South Loop,saturday,09:00,17:00
PUPS South Loop,monday,07:00,19:00
PUPS South Loop,wednesday,07:00,19:00
PUPS South Loop,sunday,11:00,16:00
PUPS South Loop,friday,07:00,19:00
PUPS Streeterville,friday,07:00,19:00
PUPS Streeterville,tuesday,07:00,19:00
PUPS Streeterville,sunday,11:00,16:00
PUPS Streeterville,thursday,07:00,19:00
PUPS Streeterville,monday,07:00,19:00
PUPS Streeterville,saturday,09:00,17:00
PUPS Streeterville,wednesday,07:00,19:00
PUPS Wicker Park,wednesday,07:00,19:00
PUPS Wicker Park,saturday,09:00,17:00
PUPS Wicker Park,sunday,11:00,16:00
PUPS Wicker Park,tuesday,07:00,19:00
PUPS Wicker Park,thursday,07:00,19:00
PUPS Wicker Park,friday,07:00,19:00
PUPS Wicker Park,monday,07:00,19:00
PUPS Williamsburg,monday,07:00,19:00
PUPS Williamsburg,thursday,07:00,19:00
PUPS Williamsburg,saturday,09:00,17:00
PUPS Williamsburg,sunday,11:00,16:00
PUPS Williamsburg,tuesday,07:00,19:00
PUPS Williamsburg,friday,07:00,19:00
PUPS Williamsburg,wednesday,07:00,19:00
Raymond Steele,sunday,11:00,16:00
Raymond Steele,thursday,07:00,19:00
Raymond Steele,monday,07:00,19:00
Raymond Steele,saturday,09:00,17:00
Raymond Steele,tuesday,07:00,19:00
Raymond Steele,friday,07:00,19:00
Raymond Steele,wednesday,07:00,19:00
Riley Simpson,sunday,10:30,16:30
Riley Simpson,monday,06:30,19:30
Riley Simpson,saturday,08:30,17:30
Riley Simpson,friday,06:30,19:30
Riley Simpson,wednesday,06:30,19:30
Riley Simpson,tuesday,06:30,19:30
Riley Simpson,thursday,06:30,19:30
River North Club,monday,07:00,19:00
River North Club,tuesday,07:00,19:00
River North Club,thursday,07:00,19:00
River North Club,saturday,09:00,17:00
River North Club,sunday,11:00,16:00
River North Club,wednesday,07:00,19:00
River North Club,friday,07:00,19:00
Ryan Topf,thursday,07:00,19:00
Ryan Topf,saturday,09:00,17:00
Ryan Topf,monday,07:00,19:00
Ryan Topf,sunday,11:00,16:00
Ryan Topf,wednesday,07:00,19:00
Ryan Topf,tuesday,07:00,19:00
Ryan Topf,friday,07:00,19:00
South Loop Club,thursday,07:00,19:00
South Loop Club,sunday,11:00,16:00
South Loop Club,friday,07:00,19:00
South Loop Club,monday,07:00,19:00
South Loop Club,tuesday,07:00,19:00
South Loop Club,wednesday,07:00,19:00
South Loop Club,saturday,09:00,17:00
Streeterville Club,monday,07:00,19:00
Streeterville Club,thursday,07:00,19:00
Streeterville Club,tuesday,07:00,19:00
Streeterville Club,saturday,09:00,17:00
Streeterville Club,sunday,11:00,16:00
Streeterville Club,friday,07:00,19:00
Streeterville Club,wednesday,07:00,19:00
Wicker Park Club,thursday,07:00,19:00
Wicker Park Club,wednesday,07:00,19:00
Wicker Park Club,monday,07:00,19:00
Wicker Park Club,saturday,09:00,17:00
Wicker Park Club,sunday,11:00,16:00
Wicker Park Club,tuesday,07:00,19:00
Wicker Park Club,friday,07:00,19:00
Williamsburg Club,tuesday,07:00,19:00
Williamsburg Club,monday,07:00,19:00
Williamsburg Club,sunday,11:00,16:00
Williamsburg Club,friday,07:00,19:00
Williamsburg Club,saturday,09:00,17:00
Williamsburg Club,wednesday,07:00,19:00
Williamsburg Club,thursday,07:00,19:00
