DIM_SUBSIDIARY_ID,SUBSIDIARY_NAME,COMPANY_NAME,DIM_COMPANY_ID,GOLD_LOAD_DATE
1,Zeus Corp,Zeus,r+g3C+TGx+Ee0nxyYP9musUXLrc=,
2,UAS,UAS,KBS1yYl+V7tMp1p3LJAfUJXLWAI=,
3,IA,Independent,VZkSRUg9CCY+ecYEw8Yy/jQcb6k=,
4,SMG,SMG,DL40U+9MlJSWtmG79P2eKreyO2o=,
5,Pass,PASS Security Systems,7MH7izFV23nkHvutZMZZ9mFEqD8=,
6,AHG,Alert Alarm,YunyXLUoi7invymvfSLpIv7nJKI=,
7,Martin,Martin,Gml0xLOiFGbfu1bHAk4iafwFNdQ=,
8,Bay,Bayside Alarm,6fl+jC2/LZ7fmBTEDWy3jTu45bM=,
9,SRP,SRP,1CG5EAVmKse1dKB7Lj0PZ61bhQU=,
10,ATI,ATI,BJuPHF5SabBbJTP40EUJ1pjcCI8=,
11,Beishir,Beishir,NUCSBJdIW+X3CQ+HdOaFXSqdEx4=,
12,Atlas,Atlas,dxFTfP+uFT9SQxgH/bzxJRE7mFM=,
13,Absolute,Absolute Security,2N4/u0OjTrJKTdXpI4mmsPCp9Pw=,
14,Gallaher,Gallaher & Associates,mcmjVqdKt3ip5sYCoeM6V1zsmqc=,
15,Co5,ClearCom,gELxDyLIxzsXzktZ7v3OnLHuen8=,
